<?xml version="1.0" encoding="UTF-8"?>
<GenRun Id="impl_1" LaunchPart="xc7a200tfbg484-1" LaunchTime="1681280672">
  <File Type="PWROPT-DCP" Name="abs_dif_pwropt.dcp"/>
  <File Type="ROUTE-PWR" Name="abs_dif_power_routed.rpt"/>
  <File Type="PA-TCL" Name="abs_dif.tcl"/>
  <File Type="ROUTE-PWR-SUM" Name="abs_dif_power_summary_routed.pb"/>
  <File Type="REPORTS-TCL" Name="abs_dif_reports.tcl"/>
  <File Type="BG-DRC" Name="abs_dif.drc"/>
  <File Type="OPT-METHODOLOGY-DRC" Name="abs_dif_methodology_drc_opted.rpt"/>
  <File Type="INIT-TIMING" Name="abs_dif_timing_summary_init.rpt"/>
  <File Type="OPT-HWDEF" Name="abs_dif.hwdef"/>
  <File Type="OPT-DCP" Name="abs_dif_opt.dcp"/>
  <File Type="OPT-DRC" Name="abs_dif_drc_opted.rpt"/>
  <File Type="OPT-TIMING" Name="abs_dif_timing_summary_opted.rpt"/>
  <File Type="PWROPT-DRC" Name="abs_dif_drc_pwropted.rpt"/>
  <File Type="PWROPT-TIMING" Name="abs_dif_timing_summary_pwropted.rpt"/>
  <File Type="PLACE-DCP" Name="abs_dif_placed.dcp"/>
  <File Type="PLACE-IO" Name="abs_dif_io_placed.rpt"/>
  <File Type="PLACE-CLK" Name="abs_dif_clock_utilization_placed.rpt"/>
  <File Type="PLACE-UTIL" Name="abs_dif_utilization_placed.rpt"/>
  <File Type="PLACE-UTIL-PB" Name="abs_dif_utilization_placed.pb"/>
  <File Type="PLACE-CTRL" Name="abs_dif_control_sets_placed.rpt"/>
  <File Type="PLACE-SIMILARITY" Name="abs_dif_incremental_reuse_placed.rpt"/>
  <File Type="PLACE-PRE-SIMILARITY" Name="abs_dif_incremental_reuse_pre_placed.rpt"/>
  <File Type="PLACE-TIMING" Name="abs_dif_timing_summary_placed.rpt"/>
  <File Type="POSTPLACE-PWROPT-DCP" Name="abs_dif_postplace_pwropt.dcp"/>
  <File Type="POSTPLACE-PWROPT-TIMING" Name="abs_dif_timing_summary_postplace_pwropted.rpt"/>
  <File Type="PHYSOPT-DCP" Name="abs_dif_physopt.dcp"/>
  <File Type="PHYSOPT-DRC" Name="abs_dif_drc_physopted.rpt"/>
  <File Type="BG-BIT" Name="abs_dif.bit"/>
  <File Type="PHYSOPT-TIMING" Name="abs_dif_timing_summary_physopted.rpt"/>
  <File Type="ROUTE-ERROR-DCP" Name="abs_dif_routed_error.dcp"/>
  <File Type="ROUTE-DCP" Name="abs_dif_routed.dcp"/>
  <File Type="ROUTE-BLACKBOX-DCP" Name="abs_dif_routed_bb.dcp"/>
  <File Type="ROUTE-DRC" Name="abs_dif_drc_routed.rpt"/>
  <File Type="ROUTE-DRC-PB" Name="abs_dif_drc_routed.pb"/>
  <File Type="BITSTR-MSK" Name="abs_dif.msk"/>
  <File Type="ROUTE-DRC-RPX" Name="abs_dif_drc_routed.rpx"/>
  <File Type="BG-BGN" Name="abs_dif.bgn"/>
  <File Type="ROUTE-METHODOLOGY-DRC" Name="abs_dif_methodology_drc_routed.rpt"/>
  <File Type="BITSTR-RBT" Name="abs_dif.rbt"/>
  <File Type="ROUTE-METHODOLOGY-DRC-RPX" Name="abs_dif_methodology_drc_routed.rpx"/>
  <File Type="BG-BIN" Name="abs_dif.bin"/>
  <File Type="ROUTE-METHODOLOGY-DRC-PB" Name="abs_dif_methodology_drc_routed.pb"/>
  <File Type="ROUTE-PWR-RPX" Name="abs_dif_power_routed.rpx"/>
  <File Type="ROUTE-STATUS" Name="abs_dif_route_status.rpt"/>
  <File Type="ROUTE-STATUS-PB" Name="abs_dif_route_status.pb"/>
  <File Type="ROUTE-TIMINGSUMMARY" Name="abs_dif_timing_summary_routed.rpt"/>
  <File Type="ROUTE-TIMING-PB" Name="abs_dif_timing_summary_routed.pb"/>
  <File Type="ROUTE-TIMING-RPX" Name="abs_dif_timing_summary_routed.rpx"/>
  <File Type="ROUTE-SIMILARITY" Name="abs_dif_incremental_reuse_routed.rpt"/>
  <File Type="RDI-RDI" Name="abs_dif.vdi"/>
  <File Type="ROUTE-CLK" Name="abs_dif_clock_utilization_routed.rpt"/>
  <File Type="POSTROUTE-PHYSOPT-DCP" Name="abs_dif_postroute_physopt.dcp"/>
  <File Type="POSTROUTE-PHYSOPT-BLACKBOX-DCP" Name="abs_dif_postroute_physopt_bb.dcp"/>
  <File Type="POSTROUTE-PHYSOPT-TIMING" Name="abs_dif_timing_summary_postroute_physopted.rpt"/>
  <File Type="POSTROUTE-PHYSOPT-TIMING-PB" Name="abs_dif_timing_summary_postroute_physopted.pb"/>
  <File Type="POSTROUTE-PHYSOPT-TIMING-RPX" Name="abs_dif_timing_summary_postroute_physopted.rpx"/>
  <File Type="BITSTR-NKY" Name="abs_dif.nky"/>
  <File Type="BITSTR-BMM" Name="abs_dif_bd.bmm"/>
  <File Type="BITSTR-MMI" Name="abs_dif.mmi"/>
  <File Type="BITSTR-LTX" Name="debug_nets.ltx"/>
  <File Type="BITSTR-LTX" Name="abs_dif.ltx"/>
  <File Type="BITSTR-SYSDEF" Name="abs_dif.sysdef"/>
  <File Type="WBT-USG" Name="usage_statistics_webtalk.html"/>
  <FileSet Name="sources" Type="DesignSrcs" RelSrcDir="$PSRCDIR/sources_1">
    <Filter Type="Srcs"/>
    <File Path="$PPRDIR/../src/comp.v">
      <FileInfo>
        <Attr Name="UsedIn" Val="synthesis"/>
        <Attr Name="UsedIn" Val="implementation"/>
        <Attr Name="UsedIn" Val="simulation"/>
      </FileInfo>
    </File>
    <File Path="$PPRDIR/../src/full_adder.v">
      <FileInfo>
        <Attr Name="UsedIn" Val="synthesis"/>
        <Attr Name="UsedIn" Val="implementation"/>
        <Attr Name="UsedIn" Val="simulation"/>
      </FileInfo>
    </File>
    <File Path="$PPRDIR/../src/mux_2to1.v">
      <FileInfo>
        <Attr Name="UsedIn" Val="synthesis"/>
        <Attr Name="UsedIn" Val="implementation"/>
        <Attr Name="UsedIn" Val="simulation"/>
      </FileInfo>
    </File>
    <File Path="$PPRDIR/../src/abs_dif.v">
      <FileInfo>
        <Attr Name="UsedIn" Val="synthesis"/>
        <Attr Name="UsedIn" Val="implementation"/>
        <Attr Name="UsedIn" Val="simulation"/>
      </FileInfo>
    </File>
    <Config>
      <Option Name="DesignMode" Val="RTL"/>
      <Option Name="TopModule" Val="abs_dif"/>
      <Option Name="TopAutoSet" Val="TRUE"/>
    </Config>
  </FileSet>
  <FileSet Name="constrs_in" Type="Constrs" RelSrcDir="$PSRCDIR/constrs_1">
    <Filter Type="Constrs"/>
    <File Path="$PPRDIR/../src/Top1.xdc">
      <FileInfo>
        <Attr Name="UsedIn" Val="synthesis"/>
        <Attr Name="UsedIn" Val="implementation"/>
      </FileInfo>
    </File>
    <Config>
      <Option Name="TargetConstrsFile" Val="$PPRDIR/../src/Top1.xdc"/>
      <Option Name="ConstrsType" Val="XDC"/>
    </Config>
  </FileSet>
  <Strategy Version="1" Minor="2">
    <StratHandle Name="Vivado Implementation Defaults" Flow="Vivado Implementation 2017">
      <Desc>Default settings for Implementation.</Desc>
    </StratHandle>
    <Step Id="init_design"/>
    <Step Id="opt_design"/>
    <Step Id="power_opt_design"/>
    <Step Id="place_design"/>
    <Step Id="post_place_power_opt_design"/>
    <Step Id="phys_opt_design"/>
    <Step Id="route_design"/>
    <Step Id="post_route_phys_opt_design"/>
    <Step Id="write_bitstream"/>
  </Strategy>
</GenRun>
